X,Y,label
-3.2899007958427404,-0.780259471589531,1.0
1.015664572388865,0.4699525045011937,0.0
1.6584101903636386,0.877193875791457,1.0
0.0491961600098713,-0.6519991499662058,1.0
-0.8867669774813058,1.4180923572447728,1.0
0.2357758541494913,0.8890892162481057,1.0
1.322198084928086,2.1587406958410766,1.0
-0.3428493013995051,0.911572101296294,1.0
-0.229799873251294,0.0208672057202279,0.0
-1.9353000236515725,0.9243169726524272,1.0
0.3497032743629694,2.3396228526642524,1.0
-0.6621188814270382,-0.3313324016531577,1.0
-0.3297160445000784,1.21080039974859,1.0
-0.0676577923535503,1.025829179113706,1.0
0.961826504910432,2.774818661119535,1.0
0.9974012170799504,0.6145974175583488,1.0
-0.6112867142528833,0.4869046513170998,1.0
-0.5116124753387004,1.257210539611231,1.0
1.8282283335281395,-0.1080978651587607,1.0
-1.315886180266051,-0.03347750095346,1.0
-0.1808213845440681,-0.6935451147935054,1.0
-2.415346118050785,0.1394958828991038,1.0
-0.6667009280428806,1.6201563244935389,1.0
-0.9246656114586156,3.2990623206316925,1.0
-1.2928610113538888,0.1801976962162794,1.0
-1.305775015009997,3.70006967049991,1.0
-0.1028335909063842,-0.7088003991429562,0.0
-0.1279093681978463,1.1921042346777242,1.0
0.1367907820431391,-0.977389648048988,1.0
-0.0553459229538311,1.5050929326911064,1.0
-1.3821598035106464,2.680499999047556,1.0
-3.626447016643669,0.1265132958795307,1.0
-0.618062246705841,1.3227674048755873,1.0
-0.9354836155574686,1.533679377825377,1.0
-0.2993007025741799,1.8930016181775209,1.0
-0.2694266438527773,1.8106266865931275,1.0
0.8730503645381561,3.200012940956073,1.0
2.121578362466189,1.537946358108944,1.0
-1.0327095612316304,1.9949490294990275,1.0
-0.4231846796545589,2.183486154712671,1.0
-0.7383838111603045,1.472560398061406,1.0
-0.9707304655585384,-0.4582242167560374,1.0
0.0743449914282763,0.7366088171941498,1.0
2.165550072874212,0.2307673407309616,1.0
-0.8043330456561881,1.616608915455553,1.0
1.5269245644563467,0.9796888286498108,1.0
-0.5547343348283464,3.0901554500717165,1.0
1.5600607782367244,-0.4389161057885075,1.0
0.5662042892321284,1.768171344713968,1.0
-0.433182133274415,0.1392678652571379,1.0
-0.1737498407192301,0.6598101311769766,1.0
-0.1572730679301852,2.7451168062383067,1.0
-1.0060752478916182,-0.3546705929585552,1.0
1.2200019587530375,2.6691159459511846,1.0
0.7445027418155215,-0.7100307487064597,1.0
-1.3146163502361996,1.853078786859045,1.0
0.0456966063270781,0.9430244435069844,1.0
-3.066603396924028,1.435366517861186,1.0
2.851509804295059,-0.1272985558493113,1.0
-1.743681627089387,-0.9665008500516094,1.0
2.0344697457326104,3.432447591446923,1.0
0.4876030709684754,0.6796653668156915,1.0
2.915685691673009,1.220566802805975,1.0
0.2557243607004832,-0.6531155913535632,1.0
0.8539028020004836,2.738100157711291,1.0
0.1730084407343032,0.5492489068581308,1.0
0.6910206455101064,1.4840381705311458,1.0
-1.9635718009126772,2.6998479135519844,1.0
1.6903294973326393,2.5022508489106965,1.0
1.7541676672247448,0.5958161650743728,1.0
-1.726456255912393,1.2786678580947193,1.0
-1.1277161645705442,-0.490611008022759,1.0
1.7229810977652364,0.471259214638375,1.0
-2.5231375662907958,-1.3171974444090404,1.0
-1.901970363198828,2.44936849351281,1.0
2.265429341005857,-1.4454142982026656,1.0
0.5185384283521872,-0.2923140304237095,1.0
0.117783178144522,-1.1241264469607957,0.0
-3.5211817135466776,2.768095553310597,1.0
1.8262459556085384,0.5375198911864805,1.0
-1.6952561664695291,0.6117018382960492,1.0
1.5349435003429617,-0.8443785288162238,1.0
2.0127604862872994,2.3716505312881324,1.0
3.215544599661301,-0.5452330734841636,1.0
2.5009160931692698,1.6091022032603537,1.0
0.0700481035448006,1.4310312299807362,1.0
-1.0968354246192251,1.5663588328741285,1.0
0.8197225228822959,-0.3798609708075365,0.0
0.4805169818651497,0.9270029837418724,1.0
-0.7320794266171231,0.9157041685564656,1.0
1.2549163963487018,-1.465377478534534,1.0
-0.7463916179755219,0.2813796651316265,1.0
-2.5499369424357043,1.5700145503258214,1.0
2.1450185670292186,-0.8903921246926159,1.0
0.4756772034454126,0.8587419004430816,1.0
-0.1035718500404209,1.2881159925381065,1.0
-1.6366076686107498,1.3851869174896054,1.0
-1.2559906728288297,0.2298419256565045,1.0
-0.0887159453299539,2.064501215603645,1.0
-2.5823887268960526,1.7068504513661102,1.0
-0.5343553180853685,3.47515214776727,1.0
1.0070198561663477,0.4381571624342448,1.0
-0.6830511876835248,1.6480132059223842,1.0
1.6447852930096971,0.8990315640849176,1.0
1.4635969921390406,1.0845646958739334,1.0
0.2517318652329329,2.546535866483341,1.0
0.3695969916125174,-0.3248001071893618,1.0
-0.9406370858301988,0.4000879201693412,1.0
-1.4202883464672007,0.6835272820064189,1.0
-0.7316145602525681,-0.0157208926615,0.0
-0.57712955641599,-1.3296907044346136,0.0
-0.6977615839353624,3.0718987569466827,1.0
1.3595027040974197,-0.3812435292798558,1.0
-0.7363178878450628,1.3287461669804652,1.0
0.9243918707889256,-1.5307086142328543,1.0
0.6744199667979984,2.30159570463899,1.0
-0.6625420637366781,1.4427517461617372,1.0
-0.7064045773238478,0.0059974921604172,1.0
1.2045790577630553,-0.1537451289140542,1.0
-0.4955580814677591,1.6903107751777675,1.0
-1.05644015359641,1.1672355103321757,1.0
-1.1131768032213518,-0.1433505804239651,1.0
-0.8708689230433602,1.2890946073809582,1.0
-1.3340896124796664,0.9778713278653368,1.0
1.8014504676358527,3.110780411922097,1.0
2.157442397579872,0.4488037587234752,1.0
-0.0053575470585822,-0.7734666790723262,1.0
0.7407726961942187,-0.0752873037610361,1.0
1.2577504360955023,1.966645431636919,1.0
0.430995918699687,-0.0474365630768812,0.0
2.0770173185168828,3.1205536285535818,1.0
-0.1759589624464325,0.7083791545837812,1.0
1.005003689305835,-0.1381086066140083,1.0
1.5955015136665247,-0.8519310373544432,0.0
-0.4235798507445251,1.2755991540009115,1.0
1.8012209321637216,1.473175395124797,1.0
0.1260385320589988,1.137767222708605,1.0
-0.3146895468324826,1.645841667544551,1.0
-0.2397319092914953,1.2532459272121166,1.0
3.252493658056064,0.1786468052713909,1.0
-0.194520936190864,1.0657180068460637,1.0
-1.5645994963928236,1.561416227200471,1.0
-1.1229663071744809,-0.2000364705369434,1.0
-0.501644227552912,1.2573109426343971,1.0
1.4484667633558446,1.153347036692406,1.0
-2.2645779944530435,-0.285017559655117,1.0
-1.915705621637081,-0.6839101789185882,1.0
1.4573568817575036,0.930917681574952,1.0
2.0036634716846318,0.4686118460951374,1.0
0.8672488513199729,0.3700729481543013,1.0
0.5003162287368124,2.7056051741428373,1.0
-0.1095500231826286,0.1918126845881869,1.0
1.0429035940078342,1.0797903246622886,1.0
-1.006877240876887,0.9979825005444636,1.0
-1.207482294042038,2.632837884216176,1.0
1.8056281775071736,2.3539291926150576,1.0
0.564899412046042,1.4202813363965827,1.0
1.07925347921205,2.191508689052593,1.0
0.0648985423080596,2.5562654921315824,1.0
0.7125658134341695,-1.70637819428711,1.0
1.352555149983384,1.843717049385936,1.0
-0.5308225016358847,0.311759466025983,1.0
-1.1141481214121869,2.3282563240520613,1.0
2.126391269874028,0.6195469707228943,0.0
-0.2795774341589757,2.298814448875802,1.0
1.7778699549141013,-2.461929979834381,1.0
0.0741849018741509,0.823272122775206,1.0
2.023227548755176,1.8014167887657644,1.0
0.6849623381381525,2.110465968930484,1.0
-3.1669189483761797,-1.6418214510779987,1.0
-1.599632069340844,0.6292325159589435,1.0
2.1569779831372147,2.275996924487547,1.0
-1.7048202980043463,-0.5890473740508213,1.0
1.934395047997559,2.7274862073649526,1.0
1.1034321964297071,0.5274253231144921,1.0
0.5273653323549217,-1.3165267258862483,0.0
0.3580532648627993,1.2103620565870696,1.0
-1.169117884019686,-0.6119280639839788,1.0
2.055433014903169,3.234853179290325,1.0
0.671384608390249,3.513151715690956,1.0
-1.0977407120612417,1.7411541006039934,1.0
-3.042380591740831,4.074829091113622,1.0
-1.1370984069326198,0.6516983391356304,1.0
-1.0215858819556325,0.3815746412239666,0.0
0.662834952719743,1.436406506528254,1.0
0.3975711100129033,1.3620678313885093,1.0
2.316175883458042,2.152893698133007,1.0
-0.8491176857635925,-0.6334061785839418,1.0
0.0703291337765595,0.8262003078428761,1.0
2.816617411927116,0.1343873772760807,1.0
2.956212674251749,1.0181367341020486,1.0
-0.8786022154767384,2.453048052501446,1.0
-1.122037842785217,0.1618185493666224,1.0
0.6456270284278078,0.9919580821163164,1.0
0.1635817796506133,1.7724283147571838,1.0
-1.5924849853933472,-0.3660728584313124,1.0
-2.02449928103226,0.5873364162916603,1.0
-2.343130356048791,1.4540478708910456,1.0
-0.434971476052211,1.938867301265826,1.0
-0.5300032585746256,0.9678726857851055,1.0
-0.629049180260246,-0.3135810018896116,1.0
1.1607077865487292,-1.0165100372283018,1.0
-2.552378298661121,0.4600797643667532,1.0
1.7041033004148285,-0.5427458529756307,1.0
-2.3145257070803886,1.6024533942665546,1.0
-2.192389542938712,2.187306796485012,1.0
-2.6183909689046523,-2.182327646300675,1.0
1.9225265624936727,0.7381780934094507,1.0
0.5452209162276621,1.510773758815872,1.0
-1.448930323468749,3.753850174048611,1.0
-0.8098005365585459,0.8881950047272068,1.0
0.0149952861736797,1.736602276973115,1.0
-0.5095834458812474,2.657514101551396,1.0
1.8819344551730164,0.9438042514988848,1.0
2.103018128229209,0.4527308176059469,1.0
2.354461729369524,0.637783723030555,1.0
0.9869983766880106,-0.1266392909275285,1.0
-1.9111618263473735,0.3727325249271112,1.0
2.4035940111537606,1.046847564870339,1.0
2.3760658526967573,1.5134458227582213,1.0
1.034395219049195,-1.188068957520448,0.0
0.1746318344083995,-0.1673027460750192,1.0
-2.0083912399226174,0.537977248856204,1.0
1.6160648669117397,2.956335894061081,1.0
0.0517342965695629,0.7577435963510535,1.0
-0.2779244644731791,2.0764357666751065,1.0
-0.4781365060384918,2.076145438491543,1.0
0.630977627988051,0.3881562728855336,1.0
1.2203981519867182,0.8873558175468517,1.0
-0.6544336501052977,-2.697019457954423,1.0
-0.0271956565202352,2.278468458460685,1.0
-1.200742807286221,1.4797651916680057,1.0
-0.2763377330456346,0.9931298168258558,1.0
0.1853824991889746,0.5750267392420235,1.0
0.945894136911228,0.902720273645876,1.0
-1.1788196269907354,-0.2064492964115067,1.0
1.5862018135023677,1.664417785291031,1.0
1.9255593516138771,1.556675253700121,1.0
1.159841842797687,1.8862206562107855,1.0
-2.025841853871344,0.1926459467113397,1.0
-0.1677361809114139,0.1780118963043011,1.0
-0.8012939651184381,1.45138433000815,1.0
0.4109410760343489,-0.4491389495174959,1.0
